<?xml version="1.0" encoding="utf-8"?>
<current>
  <copyright>2010 AccuWeather® by Telemet™</copyright>
  <timestamp>2017-08-18T23:28:50Z</timestamp>
  <location code="SAZB">
    <temp unit="C">15</temp>
    <real_feel unit="C">13</real_feel>
    <aptemp unit="C">16</aptemp>
    <rhumid unit="%">47</rhumid>
    <wind_dir>WNW</wind_dir>
    <windspeed unit="Kph">22</windspeed>
    <icon>7</icon>
    <gust unit="Kph">27</gust>
    <wndchl unit="C">15</wndchl>
    <vis unit="Kms">16</vis>
    <dewpt unit="C">4</dewpt>
    <ceiling>18100</ceiling>
    <pres unit="kpa">100.35</pres>
    <prestend></prestend>
    <SPL>Nublado</SPL>
  </location>
  <legal>Service provided under the accepted Terms and Conditions.</legal>
</current>
